;Ô..Libelleetape;Filiere;Filiere_global
1;B√©ziers : Licence Administration √©conomique et sociale Pcs Sciences humaines  2√®me ann√©e;Administration √©conomique et sociale;Administration
2;B√©ziers : Licence Administration √©conomique et sociale Pcs Sciences humaines 1√®re ann√©e;Administration √©conomique et sociale;Administration
3;B√©ziers : Licence Administration √©conomique et sociale Pcs Sciences humaines 3√®me ann√©e;Administration √©conomique et sociale;Administration
4;B√©ziers: Licence Administration √©conomique et sociale (parcours MISASHS) 3√®me ann√©e;Administration √©conomique et sociale;Administration
5;Licence Administration √©conomique et sociale 1√®re ann√©e;Administration √©conomique et sociale;Administration
6;Licence Administration √©conomique et sociale 2√®me ann√©e;Administration √©conomique et sociale;Administration
7;Licence Administration √©conomique et sociale Pcs Administration et gestion des entreprises 3√®me ann√©e;Administration √©conomique et sociale;Administration
8;Licence Administration √©conomique et sociale Pcs Commerce et affaires internationales 3√®me ann√©e;Administration √©conomique et sociale;Administration
9;Licence Administration √©conomique et sociale Pcs D√©veloppement social 3√®me ann√©e;Administration √©conomique et sociale;Administration
10;Master 1 Administration et √©changes internationaux;Administration et √©changes internationaux;Administration
11;Master 2 Administration et √©changes internationaux Pcs Relations et affaires internationales;Administration et √©changes internationaux;Administration
12;Master 1 Arch√©ologie (parcours Arch√©ologie de la M√©diterran√©e Antique et M√©di√©vale);Arch√©ologie;Arch√©ologie
13;Master 1 Arch√©ologie (parcours Arch√©ologie Pr√©ventive);Arch√©ologie;Arch√©ologie
14;Master 1 Arch√©ologie (parcours √âgypte dynastique, hell√©nistique et romaine);Arch√©ologie;Arch√©ologie
15;Master 1 Arch√©ologie, sciences pour l'arch√©ologie Pcs G√©oarch√©ologie, bioarch√©ologie;Arch√©ologie;Arch√©ologie
16;Master 1 Arch√©ologie, sciences pour l'arch√©ologie Pcs Ing√©nierie en arch√©ologie pr√©ventive;Arch√©ologie;Arch√©ologie
17;Master 1 Arch√©ologie, sciences pour l'arch√©ologie Pcs Pr√©histoire, protohistoire;Arch√©ologie;Arch√©ologie
18;Master 2 Arch√©ologie, sciences pour l'arch√©ologie Pcs G√©oarch√©ologie, bioarch√©ologie;Arch√©ologie;Arch√©ologie
19;Master 2 Arch√©ologie, sciences pour l'arch√©ologie Pcs Ing√©nierie en arch√©ologie pr√©ventive;Arch√©ologie;Arch√©ologie
20;Master 2 Arch√©ologie, sciences pour l''arch√©ologie Pcs Pr√©histoire, protohistoire;Arch√©ologie;Arch√©ologie
21;Master 2 Professionnel Arch√©ologie - Arch√©ologie pr√©ventive;Arch√©ologie;Arch√©ologie
22;Master 2 Recherche Arch√©ologie - Arch√©ologie de la M√©diterran√©e antique et m√©di√©vale;Arch√©ologie;Arch√©ologie
23;Master 2 Recherche Arch√©ologie - Egypte dynastique, hell√©nistique et romaine;Arch√©ologie;Arch√©ologie
24;Master 2 Professionnel Arts du Spectacle - Direction artistique de projets culturels;Arts du spectacle;Arts
25;Doctorat Arts Sp√©. Etudes Cin√©matographiques et audiovisuel;Arts du spectacle - Etudes Cin√©matographiques et audiovisuel;Arts
26;Licence Arts du spectacle Pcs Etudes cin√©matographiques et audiovisuelles 1√®re ann√©e;Arts du spectacle - Etudes Cin√©matographiques et audiovisuel;Arts
27;Licence Arts du spectacle Pcs Etudes cin√©matographiques et audiovisuelles 2√®me ann√©e;Arts du spectacle - Etudes Cin√©matographiques et audiovisuel;Arts
28;Licence Arts du spectacle Pcs Etudes cin√©matographiques et audiovisuelles 3√®me ann√©e;Arts du spectacle - Etudes Cin√©matographiques et audiovisuel;Arts
29;Master 1 Arts du spectacle (parcours Etudes cin√©matographiques et audiovisuelles);Arts du spectacle - Etudes Cin√©matographiques et audiovisuel;Arts
30;Master 1 Cin√©ma et audiovisuel Pcs Etudes cin√©matographiques et audiovisuelles;Arts du spectacle - Etudes Cin√©matographiques et audiovisuel;Arts
31;Master 2 Arts du Spectacle - Cin√©ma et audiovisuel (parcours recherche Etudes cin√©matographiques et audiovisuelles);Arts du spectacle - Etudes Cin√©matographiques et audiovisuel;Arts
32;Master 2 Arts du Spectacle - Cin√©ma et audiovisuel (pcs professionnel M√©tiers de la production cin√©ma et audiovisuel);Arts du spectacle - Etudes Cin√©matographiques et audiovisuel;Arts
33;Master 2 Cin√©ma et audiovisuel Pcs Etudes cin√©matographiques et audiovisuelles;Arts du spectacle - Etudes Cin√©matographiques et audiovisuel;Arts
34;Master 2 Cin√©ma et audiovisuel Pcs M√©tiers de la production;Arts du spectacle - Etudes Cin√©matographiques et audiovisuel;Arts
35;Doctorat Arts Sp√©. Etudes Th√©√¢trales et Spectacle vivant;Arts du Spectacle - Th√©√¢tre et spectacle vivant;Arts
36;Licence Arts du spectacle Pcs Th√©√¢tre et spectacle vivant 1√®re ann√©e;Arts du Spectacle - Th√©√¢tre et spectacle vivant;Arts
37;Licence Arts du spectacle Pcs Th√©√¢tre et spectacle vivant 2√®me ann√©e;Arts du Spectacle - Th√©√¢tre et spectacle vivant;Arts
38;Licence Arts du spectacle Pcs Th√©√¢tre et spectacle vivant 3√®me ann√©e;Arts du Spectacle - Th√©√¢tre et spectacle vivant;Arts
39;Master 1 Arts de la sc√®ne et du spectacle vivant Pcs Cr√©ation en spectacle vivant;Arts du Spectacle - Th√©√¢tre et spectacle vivant;Arts
40;Master 1 Arts de la sc√®ne et du spectacle vivant Pcs Th√©√¢tre et spectacle vivant;Arts du Spectacle - Th√©√¢tre et spectacle vivant;Arts
41;Master 1 Arts du spectacle (parcours Etudes th√©√¢trales et spectacle vivant);Arts du Spectacle - Th√©√¢tre et spectacle vivant;Arts
42;Master 2 Arts de la sc√®ne et du spectacle vivant Pcs Cr√©ation en spectacle vivant;Arts du Spectacle - Th√©√¢tre et spectacle vivant;Arts
43;Master 2 Arts de la sc√®ne et du spectacle vivant Pcs Th√©√¢tre et spectacle vivant;Arts du Spectacle - Th√©√¢tre et spectacle vivant;Arts
44;Master 2 Arts du Spectacle - Th√©√¢tre et spectacle vivant;Arts du Spectacle - Th√©√¢tre et spectacle vivant;Arts
45;Doctorat Arts Sp√©cialit√© Arts Plastiques;Arts plastiques;Arts
46;Enseignement √† distance Master 1 Arts plastiques;Arts plastiques;Arts
47;Enseignement √† distance Master 2 Arts plastiques Pcs Pratiques plastiques contemporaines;Arts plastiques;Arts
48;Licence Arts plastiques 1√®re ann√©e;Arts plastiques;Arts
49;Licence Arts plastiques 2√®me ann√©e;Arts plastiques;Arts
50;Licence Arts plastiques 3√®me ann√©e;Arts plastiques;Arts
51;Master 1 Arts plastiques;Arts plastiques;Arts
52;Master 1 Arts plastiques (parcours Ouverture au monde professionnel);Arts plastiques;Arts
53;Master 2 Arts plastiques Pcs Jeux vid√©o;Arts plastiques;Arts
54;Master 2 Arts plastiques Pcs Pratiques plastiques contemporaines;Arts plastiques;Arts
55;Master 2 Professionnel Arts Plastiques - Fictions num√©riques (jeux vid√©o);Arts plastiques;Arts
56;Master 2 Recherche Arts Plastiques - Pratiques plastiques contemporaines;Arts plastiques;Arts
57;Doctorat Arts Sp√©cialit√© Musicologie;Musicologie;Arts
58;Licence Musicologie Parcours Musicien interpr√®te 3√®me ann√©e;Musicologie;Arts
59;Licence Musicologie Pcs Musicologie/Enseignement musical 1√®re ann√©e;Musicologie;Arts
60;Licence Musicologie Pcs Musicologie/Enseignement musical 2√®me ann√©e;Musicologie;Arts
61;Licence Musicologie Pcs Musicologie/Enseignement musical 3√®me ann√©e;Musicologie;Arts
62;Master 1 Musicologie;Musicologie;Arts
63;Master 1 Musique (parcours musique-musicologie);Musicologie;Arts
64;Master 2 Musicologie;Musicologie;Arts
65;DU Musicoth√©rapeute;Musicoth√©rapie;Arts
66;DU Musicoth√©rapeute 2√®me niveau;Musicoth√©rapie;Arts
67;DU Musicoth√©rapie  2√®me ann√©e;Musicoth√©rapie;Arts
68;DU Musicoth√©rapie 1er niveau 1√® ann√©e;Musicoth√©rapie;Arts
69;DU Musicoth√©rapie 1er niveau 2√® ann√©e;Musicoth√©rapie;Arts
70;DU Musicoth√©rapie 1√®re ann√©e;Musicoth√©rapie;Arts
71;#VALEURMULTI;Autre;Autre
72;Certificat de comp√©t. en langues de l'ens. sup. N1 Espagnol;Autre;Autre
73;Certificat de comp√©t. en langues de l'ens. sup. N2 Anglais;Autre;Autre
74;Certificat de comp√©tence en langues anciennes (grec ancien) 2√®me ann√©e;Autre;Autre
75;Certificat Informatique et Internet niveau 1 (135);Autre;Autre
76;Dipl√¥me Universitaire d'Etudes Fran√ßaises S1;Autre;Autre
77;Dipl√¥me Universitaire d'Etudes Fran√ßaises S2;Autre;Autre
78;Doctorat Etudes du monde anglophone;Autre;Autre
79;Doctorat Etudes occitanes;Autre;Autre
80;Doctorats Ecole doctorale 58 2√®me ann√©e EAD;Autre;Autre
81;DU Etude et pratique du fran√ßais-Niveau 1 (Pr√©paration concours orthophonie);Autre;Autre
82;DU Etude et pratique du fran√ßais-Niveau 2 (Pr√©paration concours orthophonie);Autre;Autre
83;DU Executive doctorate in business administration (DBA) en management;Autre;Autre
84;DU Formation psychanalytique de psychoth√©rapeute;Autre;Autre
85;DU Initiation √† l'√©tude du patrimoine;Autre;Autre
86;DU Introduction aux techniques de l'art;Autre;Autre
87;DU M√©tiers des biblioth√®ques;Autre;Autre
88;DU Pr√©pa Sciences Po (IEP) et √©coles de journalisme Niv 1;Autre;Autre
89;DU Pr√©pa Sciences Po (IEP) et √©coles de journalisme Niv 2;Autre;Autre
90;DU Prises en charge neuropsychologiques des atteintes c√©r√©brales;Autre;Autre
91;DU Traitement informatique et statistique de l'information;Autre;Autre
92;Enseignement √† distance: Master 2 Gestion des connaissances, formations et m√©diations num√©riques (pcs Professionnel);Autre;Autre
93;Enseignement √† distance: Master 2 SE-Responsable √©valuation, formation, encadrement;Autre;Autre
94;LP Concepteur r√©alisateur audiovisuel;Autre;Autre
95;LP Coordination et conception d'univers vid√©oludiques;Autre;Autre
96;LP Gestionnaire en intervention san. & soc. en g√©rontologie;Autre;Autre
97;LP Intervention sociale : accompagnement de publics sp√©cifiques Pcs Gestion en interv. sanitaire et soc. en g√©ronto.;Autre;Autre
98;LP M√©tiers de l'animation sociale, socio-√©ducatives et socioculturelles;Autre;Autre
99;LP Strat√©gies et m√©tiers Intervention m√©diatique et sociale;Autre;Autre
100;LP Techniques du son et de l'image Pcs Concepteur audiovisuel et nouveaux m√©dias;Autre;Autre
101;Master 2 Direction de projets ou √©tablissements culturels Pcs Direction artistique de projets culturels europ√©ens;Autre;Autre
102;Master 2 Etude du d√©veloppement;Autre;Autre
103;Master 2 Management des PME-PMI (UM1) Pcs MITE;Autre;Autre
104;Master 2P DDA-Mobilit√©s spatiales & am√©nag. (pcs Tourisme);Autre;Autre
105;Mobilit√© internationale semestres pairs;Autre;Autre
106;Risques Psychosociaux : comprendre et agir pour am√©liorer la Qualit√© de Vie au Travail;Autre;Autre
107;DU Didactique du fran√ßais langue √©trang√®re;Fran√ßais langue √©trang√®re;Autre - Langues
108;Enseignement √† distance : DU Didactique du fran√ßais langue √©trang√®re;Fran√ßais langue √©trang√®re;Autre - Langues
109;Enseignement √† distance Master 1 Fran√ßais langue √©trang√®re Pcs Didactique du FLE et langue seconde;Fran√ßais langue √©trang√®re;Autre - Langues
110;Master 1 Fran√ßais langue √©trang√®re Pcs Didactique du FLE et langue seconde;Fran√ßais langue √©trang√®re;Autre - Langues
111;Master 2 Fran√ßais langue √©trang√®re Pcs Didactique du FLE et langue seconde;Fran√ßais langue √©trang√®re;Autre - Langues
112;Enseignement √† Distance: Master 2 Recherche SL-Analyse des discours m√©diatiques, sociolinguist. (pcs Sociolinguistique);Sociolinguistique;Autre - Langues
113;Master 2 Professionnel SL - Pratiques professionnelles en Fran√ßais langue non maternelle;Sociolinguistique;Autre - Langues
114;Master 2 Recherche SL-Analyse des discours m√©diatiques, sociolinguistiques et didact.des langues (pcs Sociolinguistique);Sociolinguistique;Autre - Langues
115;Doctorat Etudes culturelles Sp√©cialit√© Etudes culturelles;Etudes culturelles;Etudes culturelles
116;Enseignement √† distance Master 1 Etudes culturelles;Etudes culturelles;Etudes culturelles
117;Enseignement √† distance Master 2 Etudes culturelles Pcs Cultures en migration;Etudes culturelles;Etudes culturelles
118;Enseignement √† distance Master 2 Etudes culturelles Pcs Francophonies-Interculturalit√©;Etudes culturelles;Etudes culturelles
119;Enseignement √† distance: Master 1 Etudes culturelles (pcs Mondes hispaniques);Etudes culturelles;Etudes culturelles
120;Enseignement √† distance: Master 2R EC-Etudes culturelles des mondes hispaniques;Etudes culturelles;Etudes culturelles
121;Master 1 Etudes culturelles;Etudes culturelles;Etudes culturelles
122;Master 1 Etudes culturelles (parcours Cultures en migration);Etudes culturelles;Etudes culturelles
123;Master 1 Etudes culturelles (parcours Francophonies-interculturalit√©);Etudes culturelles;Etudes culturelles
124;Master 2 Etudes culturelles Pcs Cultures en migration;Etudes culturelles;Etudes culturelles
125;Master 2 Etudes culturelles Pcs Francophonies-Interculturalit√©;Etudes culturelles;Etudes culturelles
126;Master 2 Recherche Etudes culturelles - Cultures en migration;Etudes culturelles;Etudes culturelles
127;Master 2 Recherche Etudes culturelles - Francophonies-Interculturalit√©;Etudes culturelles;Etudes culturelles
128;Doctorat G√©ographie et am√©nagement de l'espace;G√©ographie et am√©nagement;G√©ographie
129;Licence G√©ographie et am√©nagement 1√®re ann√©e;G√©ographie et am√©nagement;G√©ographie
130;Licence G√©ographie et am√©nagement 2√®me ann√©e;G√©ographie et am√©nagement;G√©ographie
131;Licence G√©ographie et am√©nagement Pcs Am√©nagement 3√®me ann√©e;G√©ographie et am√©nagement;G√©ographie
132;Licence G√©ographie et am√©nagement Pcs G√©ographie 3√®me ann√©e;G√©ographie et am√©nagement;G√©ographie
133;Master 1 G√©ographie, am√©nagement, environnement et d√©veloppement Pcs Gestion des catastrophes et des risques naturels;G√©ographie, am√©nagement, environnement et d√©veloppement;G√©ographie
134;Master 1 G√©ographie, am√©nagement, environnement et d√©veloppement Pcs Gestion des littoraux et des mers;G√©ographie, am√©nagement, environnement et d√©veloppement;G√©ographie
135;Master 1 G√©ographie, am√©nagement, environnement et d√©veloppement Pcs Ing√©nierie et gestion des projets environnementaux;G√©ographie, am√©nagement, environnement et d√©veloppement;G√©ographie
136;Master 1 G√©ographie, am√©nagement, environnement et d√©veloppement Pcs Sant√© et territoires;G√©ographie, am√©nagement, environnement et d√©veloppement;G√©ographie
137;Master 2 G√©ographie, am√©nagement, environnement et d√©veloppement Pcs Gestion des catastrophes et des risques naturels;G√©ographie, am√©nagement, environnement et d√©veloppement;G√©ographie
138;Master 2 G√©ographie, am√©nagement, environnement et d√©veloppement Pcs Gestion des littoraux et des mers;G√©ographie, am√©nagement, environnement et d√©veloppement;G√©ographie
139;Master 2 G√©ographie, am√©nagement, environnement et d√©veloppement Pcs Ing√©nierie et gestion des projets environnementaux;G√©ographie, am√©nagement, environnement et d√©veloppement;G√©ographie
140;Master 2 G√©ographie, am√©nagement, environnement et d√©veloppement Pcs Sant√© et territoires;G√©ographie, am√©nagement, environnement et d√©veloppement;G√©ographie
141;Master 1 D√©veloppement durable & am√©nagement(pcs MSA Touris);D√©veloppement durable et am√©nagement;Gestion des territoires & am√©nagement
142;Master 1 D√©veloppement durable et am√©nagement (parcours Conduite des projets environnementaux);D√©veloppement durable et am√©nagement;Gestion des territoires & am√©nagement
143;Master 1 D√©veloppement durable et am√©nagement (parcours Espaces ruraux et d√©veloppement local);D√©veloppement durable et am√©nagement;Gestion des territoires & am√©nagement
144;Master 1 D√©veloppement durable et am√©nagement (parcours Mobilit√©s spatiales et am√©nagement : Transport);D√©veloppement durable et am√©nagement;Gestion des territoires & am√©nagement
145;Master 1 D√©veloppement durable et am√©nagement (parcours Urbanisme et projets de territoire);D√©veloppement durable et am√©nagement;Gestion des territoires & am√©nagement
146;Master 2 Professionnel D√©veloppement durable et am√©nagement - Conduite de projets environnementaux;D√©veloppement durable et am√©nagement;Gestion des territoires & am√©nagement
147;Master 2 Professionnel D√©veloppement durable et am√©nagement - Espaces ruraux et d√©veloppement local;D√©veloppement durable et am√©nagement;Gestion des territoires & am√©nagement
148;Master 2 Professionnel D√©veloppement durable et am√©nagement - Mobilit√©s spatiales et am√©nagement (parcours Transport);D√©veloppement durable et am√©nagement;Gestion des territoires & am√©nagement
149;Master 2 Professionnel D√©veloppement durable et am√©nagement - Urbanisme et projets de territoire;D√©veloppement durable et am√©nagement;Gestion des territoires & am√©nagement
150;Master 1 G√©omatique;G√©omatique;Gestion des territoires & am√©nagement
151;Master 1 Gestion des territoires et d√©veloppement local Pcs Espaces ruraux et d√©veloppement local;Gestion des territoires et d√©veloppement local;Gestion des territoires & am√©nagement
152;Master 2 Gestion des territoires et d√©veloppement local Pcs Espaces ruraux et d√©veloppement local;Gestion des territoires et d√©veloppement local;Gestion des territoires & am√©nagement
153;Master 2 Gestion des territoires et d√©veloppement local Pcs Gestion agricole et territoires;Gestion des territoires et d√©veloppement local;Gestion des territoires & am√©nagement
154;Master 1 Ing√©nierie et gestion territoriales (parcours G√©omatique);Ing√©nierie et gestion territoriales;Gestion des territoires & am√©nagement
155;Master 1 Ing√©nierie et gestion territoriales (parcours Gestion des Littoraux et des Mers);Ing√©nierie et gestion territoriales;Gestion des territoires & am√©nagement
156;Master 1 Ing√©nierie et gestion territoriales (parcours Gestion des Risques Naturels);Ing√©nierie et gestion territoriales;Gestion des territoires & am√©nagement
157;Master 1 Ing√©nierie et gestion territoriales (parcours Sant√© et Territoires);Ing√©nierie et gestion territoriales;Gestion des territoires & am√©nagement
158;Master 2 Ing√©nierie et Gestion Territoriales - G√©omatique (parcours Professionnel);Ing√©nierie et gestion territoriales;Gestion des territoires & am√©nagement
159;Master 2 Ing√©nierie et Gestion Territoriales - G√©omatique (parcours Recherche);Ing√©nierie et gestion territoriales;Gestion des territoires & am√©nagement
160;Master 2 Ing√©nierie et Gestion Territoriales - Gestion agricole et territoires;Ing√©nierie et gestion territoriales;Gestion des territoires & am√©nagement
161;Master 2 Ing√©nierie et Gestion Territoriales - Gestion des littoraux et des mers (Eau&Littoral);Ing√©nierie et gestion territoriales;Gestion des territoires & am√©nagement
162;Master 2 Ing√©nierie et Gestion Territoriales - Gestion des risques naturels;Ing√©nierie et gestion territoriales;Gestion des territoires & am√©nagement
163;Master 2 Professionnel Ing√©nierie et Gestion Territoriales - Sant√© et territoires;Ing√©nierie et gestion territoriales;Gestion des territoires & am√©nagement
164;Master 2 Recherche DDA - Territorialit√©s et d√©veloppements (pcs M√©tropolisations, mobilit√©s et √©changes);Territorialit√©s et d√©veloppements;Gestion des territoires & am√©nagement
165;Master 2 Recherche DDA - Territorialit√©s et d√©veloppements (pcs Nouvelles ruralit√©s);Territorialit√©s et d√©veloppements;Gestion des territoires & am√©nagement
166;Master 1 Urbanisme et am√©nagement Pcs Urbanisme et projet de territoire;Urbanisme et am√©nagement;Gestion des territoires & am√©nagement
167;Master 2 Urbanisme et am√©nagement Pcs Urbanisme et projet de territoire;Urbanisme et am√©nagement;Gestion des territoires & am√©nagement
168;B√©ziers : Licence Histoire 1√®re ann√©e;Histoire;Histoire & Histoire de l'art
169;B√©ziers : Licence Histoire Parcours Histoire 2√®me ann√©e;Histoire;Histoire & Histoire de l'art
170;B√©ziers : Licence Histoire Parcours Histoire 3√®me ann√©e;Histoire;Histoire & Histoire de l'art
171;Doctorat Histoire Sp√©cialit√© Histoire contemporaine;Histoire;Histoire & Histoire de l'art
172;Licence Histoire 1√®re ann√©e;Histoire;Histoire & Histoire de l'art
173;Licence Histoire Parcours Histoire 2√®me ann√©e;Histoire;Histoire & Histoire de l'art
174;Licence Histoire Parcours Histoire 3√®me ann√©e;Histoire;Histoire & Histoire de l'art
175;Licence Histoire Parcours Histoire-g√©ographie 2√®me ann√©e;Histoire;Histoire & Histoire de l'art
176;Licence Histoire Parcours Histoire-g√©ographie 3√®me ann√©e;Histoire;Histoire & Histoire de l'art
177;Licence Histoire Pcs Histoire, relations internationales, sciences sociales (HIRISS) 2√®me ann√©e;Histoire;Histoire & Histoire de l'art
178;Licence Histoire Pcs Histoire, relations internationales, sciences sociales (HIRISS) 3√®me ann√©e;Histoire;Histoire & Histoire de l'art
179;Master 1 Histoire Pcs Histoires militaires et √©tudes de d√©fense;Histoire;Histoire & Histoire de l'art
180;Master 1 Histoire Pcs Modernit√©s : soci√©t√©s, cultures et religions (XVIe-XXIe);Histoire;Histoire & Histoire de l'art
181;Master 1 Histoire Pcs Traces : histoire et sciences sociales;Histoire;Histoire & Histoire de l'art
182;Master 2 Histoire Pcs D√©fense et s√©curit√©;Histoire;Histoire & Histoire de l'art
183;Master 2 Histoire Pcs Histoires militaires et √©tudes de d√©fense;Histoire;Histoire & Histoire de l'art
184;Master 1 Histoire - histoire de l'art (parcours Histoire - Soci√©t√©s et religions des mondes modernes et contemporains);Histoire - histoire de l'art;Histoire & Histoire de l'art
185;Master 1 Histoire - histoire de l'art (parcours Histoire de l'art - Art antique et m√©di√©val - Antiquit√©);Histoire - histoire de l'art;Histoire & Histoire de l'art
186;Master 1 Histoire - histoire de l'art (parcours Histoire de l'art - Art antique et m√©di√©val - Moyen √Çge);Histoire - histoire de l'art;Histoire & Histoire de l'art
187;Master 1 Histoire - histoire de l'art (parcours Valorisation et m√©diation des patrimoines);Histoire - histoire de l'art;Histoire & Histoire de l'art
188;Master 1 Histoire - histoire de l'art (pcs Conservation, gestion et diffusion des ?uvres d'art des XXe et XXIe si√®cles);Histoire - histoire de l'art;Histoire & Histoire de l'art
189;Master 1 Histoire - histoire de l'art (pcs Histoire - Histoire militaire, √©tudes de d√©fense et politiques de s√©curit√©);Histoire - histoire de l'art;Histoire & Histoire de l'art
190;Master 2 Professionnel HHA - Collections et mus√©es d'art, d'histoire et de sciences (parcours Art);Histoire - histoire de l'art;Histoire & Histoire de l'art
191;Master 2 Professionnel HHA - Collections et mus√©es d'art, d'histoire et de sciences (parcours Histoire);Histoire - histoire de l'art;Histoire & Histoire de l'art
192;Master 2 Professionnel HHA - Conservation, gestion et diffusion des oeuvres d'art XXe-XXIe si√®cle;Histoire - histoire de l'art;Histoire & Histoire de l'art
193;Master 2 Professionnel HHA - Histoire militaire, √©tudes de d√©fense et politique de s√©curit√© : gestion sorties de crises;Histoire - histoire de l'art;Histoire & Histoire de l'art
194;Master 2 Professionnel HHA - Valorisation et m√©diation des patrimoines;Histoire - histoire de l'art;Histoire & Histoire de l'art
195;Master 2 Recherche HHA - Histoire de l'art (parcours Art moderne et contemporain);Histoire - histoire de l'art;Histoire & Histoire de l'art
196;Licence Histoire de l'art Pcs Histoire de l'art 3√®me ann√©e;Histoire de l'art;Histoire & Histoire de l'art
197;Master 1 Histoire de  l'art Pcs Conservation, gestion et diffusion des oeuvres d'art XX-XXIe s.;Histoire de l'art;Histoire & Histoire de l'art
198;Master 1 Histoire de l'art Pcs Histoire de l'art moderne et contemporain;Histoire de l'art;Histoire & Histoire de l'art
199;Master 2 Histoire de  l'art Pcs Conservation, gestion et diffusion des oeuvres d'art XX-XXIe s.;Histoire de l'art;Histoire & Histoire de l'art
200;Master 2 Histoire de l'art Pcs Histoire de l'art moderne et contemporain;Histoire de l'art;Histoire & Histoire de l'art
201;Licence Histoire de l'art et arch√©ologie 1√®re ann√©e;Histoire de l'art et arch√©ologie;Histoire & Histoire de l'art
202;Licence Histoire de l'art et arch√©ologie 2√®me ann√©e;Histoire de l'art et arch√©ologie;Histoire & Histoire de l'art
203;Licence Histoire de l'art Pcs Arch√©ologie 3√®me ann√©e;Histoire de l'art et arch√©ologie;Histoire & Histoire de l'art
204;Doctorat Etudes romanes Sp√©: √©tudes hispa. et hispano-am√©ri.;Etudes romanes;Histoire & Histoire de l'art
205;Doctorat Etudes romanes Sp√©cialit√© √©tudes italiennes;Etudes romanes;Histoire & Histoire de l'art
206;Master 1 Mondes anciens Pcs Arch√©ologie de la M√©diterran√©e antique;Mondes anciens;Histoire & Histoire de l'art
207;Master 1 Mondes anciens Pcs Egyptologie;Mondes anciens;Histoire & Histoire de l'art
208;Master 1 Mondes anciens Pcs Histoire de la M√©diterran√©e antique;Mondes anciens;Histoire & Histoire de l'art
209;Master 2 Mondes anciens Pcs Arch√©ologie de la M√©diterran√©e antique;Mondes anciens;Histoire & Histoire de l'art
210;Master 2 Mondes anciens Pcs Egyptologie;Mondes anciens;Histoire & Histoire de l'art
211;Master 2 Mondes anciens Pcs Histoire de la M√©diterran√©e antique;Mondes anciens;Histoire & Histoire de l'art
212;Master 1 Mondes m√©di√©vaux Pcs Histoire et histoire de l'art des mondes m√©di√©vaux;Mondes m√©di√©vaux;Histoire & Histoire de l'art
213;Master 2 Mondes m√©di√©vaux Pcs Histoire et histoire de l'art des mondes m√©di√©vaux;Mondes m√©di√©vaux;Histoire & Histoire de l'art
214;Master 1 Patrimoine et mus√©es Pcs Valorisation et m√©diation des patrimoines;Patrimoine et mus√©es;Histoire & Histoire de l'art
215;Master 2 Patrimoine et mus√©es Pcs Collections et mus√©es d'art et d'histoire;Patrimoine et mus√©es;Histoire & Histoire de l'art
216;Master 2 Patrimoine et mus√©es Pcs Valorisation et m√©diation des patrimoines;Patrimoine et mus√©es;Histoire & Histoire de l'art
217;B√©ziers : Licence Humanit√©s Pcs Lettres et sciences sociales (CPGE BL) 2√®me ann√©e;Humanit√©s;Humanit√©s
218;Enseignement √† distance : Licence Humanit√©s Parcours Lettres classiques 1√®re ann√©e;Humanit√©s;Humanit√©s
219;Enseignement √† distance : Licence Humanit√©s Parcours Lettres classiques 3√®me ann√©e;Humanit√©s;Humanit√©s
220;Enseignement √† distance Master 2 Humanit√©s num√©riques Pcs M√©diation num√©rique et ing√©nierie p√©dagogique;Humanit√©s;Humanit√©s
221;Licence Humanit√©s Parcours Etude et pratique du fran√ßais 2√®me ann√©e;Humanit√©s;Humanit√©s
222;Licence Humanit√©s Parcours Etude et pratique du fran√ßais 3√®me ann√©e;Humanit√©s;Humanit√©s
223;Licence Humanit√©s Parcours Lettres classiques 1√®re ann√©e;Humanit√©s;Humanit√©s
224;Licence Humanit√©s Parcours Lettres classiques 2√®me ann√©e;Humanit√©s;Humanit√©s
225;Licence Humanit√©s Parcours Lettres classiques 3√®me ann√©e;Humanit√©s;Humanit√©s
226;Licence Humanit√©s Pcs Cultures des mondes antiques et m√©di√©vaux 1√®re ann√©e;Humanit√©s;Humanit√©s
227;Licence Humanit√©s Pcs Cultures des mondes antiques et m√©di√©vaux 2√®me ann√©e;Humanit√©s;Humanit√©s
228;Licence Humanit√©s Pcs Lettres et sciences humaines (CPGE AL) 2√®me ann√©e;Humanit√©s;Humanit√©s
229;Enseignement √† distance Master 1 Humanit√©s num√©riques Pcs M√©diation num√©rique et ing√©nierie p√©dagogique;Humanit√©s num√©riques;Humanit√©s
230;B√©ziers : Licence Information-communication 1√®re ann√©e;Information et communication;Information
231;B√©ziers : Licence Information-communication 2√®me ann√©e;Information et communication;Information
232;B√©ziers : Licence Information-communication 3√®me ann√©e;Information et communication;Information
233;B√©ziers Master 1 Information, communication Pcs Relations publiques;Information et communication;Information
234;B√©ziers: Master 1 Information et communication (parcours Gestion de l'information et de la documentation);Information et communication;Information
235;B√©ziers: Master 2 Information et Communication - Gestion de l'information et de la documentation (pcs Pro Documenta);Information et communication;Information
236;Enseignement √† distance: Master 1 Information et communication (pcs Gestion de l'information et de la documentation);Information et communication;Information
237;Licence Information-communication 2√®me ann√©e;Information et communication;Information
238;Licence Information-communication 3√®me ann√©e;Information et communication;Information
239;Master 1 Information et communication (parcours Pragmatique de la communication, organisations, innovations);Information et communication;Information
240;Master 1 Information, communication Pcs Communication publique, associative et culturelle;Information et communication;Information
241;Master 1 Information, communication Pcs Communications num√©riques et organisations;Information et communication;Information
242;Master 1 Information, communication Pcs Pratiques et strat√©gies du changement;Information et communication;Information
243;Master 2 Information et Communication-Pragmatique de la communication (pcs Pro Communications des organisations);Information et communication;Information
244;Master 2 Information et Communication-Pragmatique de la communication (pcs Rech Pragmatique de la comm. et innovations);Information et communication;Information
245;Master 2 Information, communication Pcs Communication publique, associative et culturelle;Information et communication;Information
246;Master 2 Information, communication Pcs Communications num√©riques et organisations;Information et communication;Information
247;Master 2 Information, communication Pcs Pratiques et strat√©gies du changement;Information et communication;Information
248;Enseignement √† distance Master 2 Information, documentation Pcs Analyse des enjeux et des pratiques en documentation;Information et documentation;Information
249;Enseignement √† distance Master 2 Information, documentation Pcs Gestion de l'information et m√©diation documentation;Information et documentation;Information
250;Enseignement √† distance Master 2 Information, documentation Pcs Management et valorisation de l'information num√©rique;Information et documentation;Information
251;Master 1 Information, documentation Pcs Gestion de l'information et de la documentation;Information et documentation;Information
252;Master 2 Information, documentation Pcs Gestion de l'information et m√©diation documentaire;Information et documentation;Information
253;Master 2 Information, documentation Pcs Management et valorisation de l'information num√©rique;Information et documentation;Information
254;Enseignement √† distance Master 1 Information, documentation Pcs Gestion de l'information et de la documentation;Information et documentation;Information
255;Enseignement √† distance: Master 2 IC - Gestion de l'information et de la documentation (pcs Pro Documenta);Gestion de l'information et de la documentation;Information
256;Enseignement √† distance: Master 2 IC - Gestion de l'information et de la documentation (pcs Recherche);Gestion de l'information et de la documentation;Information
257;Licence Information-communication 1√®re ann√©e;Information et communication;Information
258;Licence LEA Anglais-Espagnol 3√®me ann√©e;LEA;LEA
259;Licence LEA Autres parcours 2√®me ann√©e;LEA;LEA
260;Licence LEA Autres parcours 3√®me ann√©e;LEA;LEA
261;Licence LEA Pcs Anglais-Allemand 1√®re ann√©e;LEA;LEA
262;Licence LEA Pcs Anglais-Allemand 2√®me ann√©e;LEA;LEA
263;Licence LEA Pcs Anglais-Allemand 3√®me ann√©e;LEA;LEA
264;Licence LEA Pcs Anglais-Arabe 1√®re ann√©e;LEA;LEA
265;Licence LEA Pcs Anglais-Arabe 2√®me ann√©e;LEA;LEA
266;Licence LEA Pcs Anglais-Arabe 3√®me ann√©e;LEA;LEA
267;Licence LEA Pcs Anglais-Chinois 1√®re ann√©e;LEA;LEA
268;Licence LEA Pcs Anglais-Chinois 2√®me ann√©e;LEA;LEA
269;Licence LEA Pcs Anglais-Chinois 3√®me ann√©e;LEA;LEA
270;Licence LEA Pcs Anglais-Espagnol 1√®re ann√©e;LEA;LEA
271;Licence LEA Pcs Anglais-Espagnol 2√®me ann√©e;LEA;LEA
272;Licence LEA Pcs Anglais-Espagnol 3√®me ann√©e;LEA;LEA
273;Licence LEA Pcs Anglais-Grec moderne 2√®me ann√©e;LEA;LEA
274;Licence LEA Pcs Anglais-Grec moderne 3√®me ann√©e;LEA;LEA
275;Licence LEA Pcs Anglais-Italien 1√®re ann√©e;LEA;LEA
276;Licence LEA Pcs Anglais-Italien 2√®me ann√©e;LEA;LEA
277;Licence LEA Pcs Anglais-Italien 3√®me ann√©e;LEA;LEA
278;Licence LEA Pcs Anglais-Portugais 1√®re ann√©e;LEA;LEA
279;Licence LEA Pcs Anglais-Portugais 2√®me ann√©e;LEA;LEA
280;Licence LEA Pcs Anglais-Portugais 3√®me ann√©e;LEA;LEA
281;Licence LEA Pcs Anglais-Russe 2√®me ann√©e;LEA;LEA
282;Licence LEA Pcs Anglais-Russe 3√®me ann√©e;LEA;LEA
283;Licence LEA Pcs Espagnol-Arabe 2√®me ann√©e;LEA;LEA
284;Licence LEA Pcs Espagnol-Arabe 3√®me ann√©e;LEA;LEA
285;Licence LEA Pcs Espagnol-Italien 3√®me ann√©e;LEA;LEA
286;Licence LEA Pcs Espagnol-Portugais 1√®re ann√©e;LEA;LEA
287;Licence LEA Pcs Espagnol-Portugais 3√®me ann√©e;LEA;LEA
288;Master 1 LEA - N√©gociation de projets internationaux (parcours majeure allemand);LEA;LEA
289;Master 1 LEA - N√©gociation de projets internationaux (parcours majeure anglais);LEA;LEA
290;Master 1 LEA - N√©gociation de projets internationaux (parcours majeure chinois);LEA;LEA
291;Master 1 LEA - N√©gociation de projets internationaux (parcours majeure espagnol);LEA;LEA
292;Master 1 LEA - N√©gociation de projets internationaux (parcours majeure grec moderne);LEA;LEA
293;Master 1 LEA - N√©gociation de projets internationaux (parcours majeure italien);LEA;LEA
294;Master 1 LEA - Traduction (autre parcours);LEA;LEA
295;Master 1 LEA - Traduction (parcours Anglais-Allemand);LEA;LEA
296;Master 1 LEA - Traduction (parcours Anglais-Arabe);LEA;LEA
297;Master 1 LEA - Traduction (parcours Anglais-Chinois);LEA;LEA
298;Master 1 LEA - Traduction (parcours Anglais-Espagnol);LEA;LEA
299;Master 1 LEA - Traduction (parcours Anglais-Grec moderne);LEA;LEA
300;Master 1 LEA - Traduction (parcours Anglais-Italien);LEA;LEA
301;Master 1 LEA - Traduction (parcours Anglais-Portugais);LEA;LEA
302;Master 1 LEA - Traduction (parcours Anglais-Russe);LEA;LEA
303;Master 1 LEA Pcs N√©gociations de projets internationaux maj allemand;LEA;LEA
304;Master 1 LEA Pcs N√©gociations de projets internationaux maj anglais;LEA;LEA
305;Master 1 LEA Pcs N√©gociations de projets internationaux maj arabe;LEA;LEA
306;Master 1 LEA Pcs N√©gociations de projets internationaux maj chinois;LEA;LEA
307;Master 1 LEA Pcs N√©gociations de projets internationaux maj espagnol;LEA;LEA
308;Master 1 LEA Pcs N√©gociations de projets internationaux maj grec moderne;LEA;LEA
309;Master 1 LEA Pcs N√©gociations de projets internationaux maj italien;LEA;LEA
310;Master 1 LEA Pcs N√©gociations de projets internationaux maj russe;LEA;LEA
311;Master 1 LEA Pcs Traduction Anglais - allemand;LEA;LEA
312;Master 1 LEA Pcs Traduction Anglais - arabe;LEA;LEA
313;Master 1 LEA Pcs Traduction Anglais - chinois;LEA;LEA
314;Master 1 LEA Pcs Traduction Anglais - espagnol;LEA;LEA
315;Master 1 LEA Pcs Traduction Anglais - grec moderne;LEA;LEA
316;Master 1 LEA Pcs Traduction Anglais - italien;LEA;LEA
317;Master 1 LEA Pcs Traduction Anglais - portugais;LEA;LEA
318;Master 1 LEA Pcs Traduction Anglais - russe;LEA;LEA
319;Master 1 LEA Pcs Traduction Autre parcours;LEA;LEA
320;Master 2 LEA Pcs N√©gociations de projets internationaux maj allemand;LEA;LEA
321;Master 2 LEA Pcs N√©gociations de projets internationaux maj anglais;LEA;LEA
322;Master 2 LEA Pcs N√©gociations de projets internationaux maj arabe;LEA;LEA
323;Master 2 LEA Pcs N√©gociations de projets internationaux maj chinois;LEA;LEA
324;Master 2 LEA Pcs N√©gociations de projets internationaux maj espagnol;LEA;LEA
325;Master 2 LEA Pcs N√©gociations de projets internationaux maj grec moderne;LEA;LEA
326;Master 2 LEA Pcs N√©gociations de projets internationaux maj italien;LEA;LEA
327;Master 2 LEA Pcs N√©gociations de projets internationaux maj portugais;LEA;LEA
328;Master 2 LEA Pcs N√©gociations de projets internationaux maj russe;LEA;LEA
329;Master 2 LEA Pcs Traduction Anglais - allemand;LEA;LEA
330;Master 2 LEA Pcs Traduction Anglais - arabe;LEA;LEA
331;Master 2 LEA Pcs Traduction Anglais - chinois;LEA;LEA
332;Master 2 LEA Pcs Traduction Anglais - espagnol;LEA;LEA
333;Master 2 LEA Pcs Traduction Anglais - grec moderne;LEA;LEA
334;Master 2 LEA Pcs Traduction Anglais - italien;LEA;LEA
335;Master 2 LEA Pcs Traduction Anglais - portugais;LEA;LEA
336;Master 2 LEA Pcs Traduction Anglais - russe;LEA;LEA
337;Master 2 LEA Pcs Traduction Autre parcours;LEA;LEA
338;Master 2 Professionnel Langues Etrang√®res Appliqu√©es - Traduction;LEA;LEA
339;Master 2 Professionnel Langues Etrang√®res Appliqu√©es - Traduction Anglais-Allemand;LEA;LEA
340;Master 2 Professionnel Langues Etrang√®res Appliqu√©es - Traduction Anglais-Arabe;LEA;LEA
341;Master 2 Professionnel Langues Etrang√®res Appliqu√©es - Traduction Anglais-Chinois;LEA;LEA
342;Master 2 Professionnel Langues Etrang√®res Appliqu√©es - Traduction Anglais-Espagnol;LEA;LEA
343;Master 2 Professionnel Langues Etrang√®res Appliqu√©es - Traduction Anglais-Grec moderne;LEA;LEA
344;Master 2 Professionnel Langues Etrang√®res Appliqu√©es - Traduction Anglais-Italien;LEA;LEA
345;Master 2 Professionnel Langues Etrang√®res Appliqu√©es - Traduction Anglais-Portugais;LEA;LEA
346;Master 2 Professionnel Langues Etrang√®res Appliqu√©es - Traduction Anglais-Russe;LEA;LEA
347;Master 2 Professionnel LEA - N√©gociation de projets internationaux (majeure allemand);LEA;LEA
348;Master 2 Professionnel LEA - N√©gociation de projets internationaux (majeure anglais);LEA;LEA
349;Master 2 Professionnel LEA - N√©gociation de projets internationaux (majeure arabe);LEA;LEA
350;Master 2 Professionnel LEA - N√©gociation de projets internationaux (majeure chinois);LEA;LEA
351;Master 2 Professionnel LEA - N√©gociation de projets internationaux (majeure espagnol);LEA;LEA
352;Master 2 Professionnel LEA - N√©gociation de projets internationaux (majeure grec moderne);LEA;LEA
353;Master 2 Professionnel LEA - N√©gociation de projets internationaux (majeure italien);LEA;LEA
354;Master 2 Professionnel LEA - N√©gociation de projets internationaux (majeure portugais);LEA;LEA
355;Master 2 Professionnel LEA - N√©gociation de projets internationaux (majeure russe);LEA;LEA
356;B√©ziers : Licence Lettres Parcours Lettres et arts 2√®me ann√©e;Lettres;Lettres
357;Doctorat Litt. franc. comp. Spe. Litt√©ratures Compar√©es;Lettres;Lettres
358;Enseignement √† distance : Licence Lettres 1√®re ann√©e;Lettres;Lettres
359;Enseignement √† distance : Licence Lettres Parcours Lettres modernes 2√®me ann√©e;Lettres;Lettres
360;Enseignement √† distance : Licence Lettres Parcours Lettres modernes 3√®me ann√©e;Lettres;Lettres
361;Enseignement √† distance Master 1 Lettres Pcs Lettres et humanit√©s;Lettres;Lettres
362;Enseignement √† distance Master 1 Lettres Pcs Litt√©ratures fran√ßaise et compar√©e;Lettres;Lettres
363;Enseignement √† distance Master 2 Lettres Pcs Lettres et humanit√©s;Lettres;Lettres
364;Enseignement √† distance Master 2 Lettres Pcs Litt√©ratures fran√ßaise et compar√©e;Lettres;Lettres
365;Enseignement √† distance: Master 2 Recherche Lettres - Litt√©ratures fran√ßaise et compar√©e;Lettres;Lettres
366;Licence Lettres 1√®re ann√©e;Lettres;Lettres
367;Licence Lettres Parcours Lettres modernes 2√®me ann√©e;Lettres;Lettres
368;Licence Lettres Parcours Lettres modernes 3√®me ann√©e;Lettres;Lettres
369;Licence Lettres Pcs M√©tiers de l'√©crit et de la culture 2√® ann√©e;Lettres;Lettres
370;Licence Lettres Pcs M√©tiers de l'√©crit et de la culture 3√® ann√©e;Lettres;Lettres
371;Master 2 Lettres Pcs Litt√©ratures fran√ßaise et compar√©e;Lettres;Lettres
372;Master 2 Recherche Lettres - Litt√©ratures fran√ßaise et compar√©e;Lettres;Lettres
373;Master 1 Lettres (pcs M√©tiers du livre et de l'√©dition);Lettres-M√©tiers du livre et de l'√©dition;Lettres
374;Master 1 Lettres Pcs Lettres, m√©tiers du livre et de l'√©dition;Lettres-M√©tiers du livre et de l'√©dition;Lettres
375;Master 2 M√©tiers du livre et de l'√©dition;Lettres-M√©tiers du livre et de l'√©dition;Lettres
376;Master 2 Professionnel Lettres - M√©tiers du livre et de l'√©dition;Lettres-M√©tiers du livre et de l'√©dition;Lettres
377;B√©ziers : Licence Langues, litt√©ratures et civilisations √©trang√®res et r√©gionales Pcs Espagnol 2√®me ann√©e;LLCE;LLCE
378;B√©ziers : Licence Langues, litt√©ratures et civilisations √©trang√®res et r√©gionales Pcs Espagnol 3√®me ann√©e;LLCE;LLCE
379;Enseignement √† distance : Licence Langues, litt√©ratures et civilisations √©trang√®res et r√©gionales Pcs Italien 1√®re ann√©e;LLCE;LLCE
380;Enseignement √† distance : Licence Langues, litt√©ratures et civilisations √©trang√®res et r√©gionales Pcs Italien 3√®me ann√©e;LLCE;LLCE
381;Enseignement √† distance : Licence Langues, litt√©ratures et civilisations √©trang√®res et r√©gionales Pcs Occitan 1√®re ann√©e;LLCE;LLCE
382;Enseignement √† distance : Licence Langues, litt√©ratures et civilisations √©trang√®res et r√©gionales Pcs Occitan 3√®me ann√©e;LLCE;LLCE
383;Enseignement √† distance Master 1 Langues, litt√©ratures et civilisat. √©trang√®res et r√©gionales Pcs Etudes n√©o-hell√®niques;LLCE;LLCE
384;Enseignement √† distance Master 2 Langues, litt√©ratures et civilisat. √©trang√®res et r√©gionales Pcs Etudes anglophones;LLCE;LLCE
385;Enseignement √† distance Master 2 Langues, litt√©ratures et civilisat. √©trang√®res et r√©gionales Pcs Etudes n√©o-hell√®niques;LLCE;LLCE
386;Enseignement √† distance: Licence Langues, litt√©ratures et civilisations √©trang√®res et r√©gionales Pcs Grec mod.3√®me ann√©e;LLCE;LLCE
387;Enseignement √† distance: Master 1 Langues, Litt√©ratures et Civilisations Etr. et R√©g. (parcours Grec moderne);LLCE;LLCE
388;Enseignement √† distance: Master 2 Langues, Litt√©ratures et Civilisations Etrang√®res et R√©gionales - Grec moderne;LLCE;LLCE
389;Enseignement √† distance:Licence Langues, litt√©ratures et civilisations √©trang√®res et r√©gionales Pcs Portugais 1√®re ann√©e;LLCE;LLCE
390;Enseignement √† distance:Licence Langues, litt√©ratures et civilisations √©trang√®res et r√©gionales Pcs Portugais 2√®me ann√©e;LLCE;LLCE
391;Enseignement √† distance:Licence Langues, litt√©ratures et civilisations √©trang√®res et r√©gionales Pcs Portugais 3√®me ann√©e;LLCE;LLCE
392;Licence Langues, litt√©ratures et civilisations √©trang√®res et r√©gionales Pcs Allemand 2√®me ann√©e;LLCE;LLCE
393;Licence Langues, litt√©ratures et civilisations √©trang√®res et r√©gionales Pcs Allemand 3√®me ann√©e;LLCE;LLCE
394;Licence Langues, litt√©ratures et civilisations √©trang√®res et r√©gionales Pcs Anglais 1√®re ann√©e;LLCE;LLCE
395;Licence Langues, litt√©ratures et civilisations √©trang√®res et r√©gionales Pcs Anglais 2√®me ann√©e;LLCE;LLCE
396;Licence Langues, litt√©ratures et civilisations √©trang√®res et r√©gionales Pcs Anglais 3√®me ann√©e;LLCE;LLCE
397;Licence Langues, litt√©ratures et civilisations √©trang√®res et r√©gionales Pcs Chinois 2√®me ann√©e;LLCE;LLCE
398;Licence Langues, litt√©ratures et civilisations √©trang√®res et r√©gionales Pcs Chinois 3√®me ann√©e;LLCE;LLCE
399;Licence Langues, litt√©ratures et civilisations √©trang√®res et r√©gionales Pcs Espagnol 1√®re ann√©e;LLCE;LLCE
400;Licence Langues, litt√©ratures et civilisations √©trang√®res et r√©gionales Pcs Espagnol 2√®me ann√©e;LLCE;LLCE
401;Licence Langues, litt√©ratures et civilisations √©trang√®res et r√©gionales Pcs Espagnol 3√®me ann√©e;LLCE;LLCE
402;Licence Langues, litt√©ratures et civilisations √©trang√®res et r√©gionales Pcs Grec moderne 2√®me ann√©e;LLCE;LLCE
403;Licence Langues, litt√©ratures et civilisations √©trang√®res et r√©gionales Pcs Grec moderne 3√®me ann√©e;LLCE;LLCE
404;Licence Langues, litt√©ratures et civilisations √©trang√®res et r√©gionales Pcs Italien 2√®me ann√©e;LLCE;LLCE
405;Licence Langues, litt√©ratures et civilisations √©trang√®res et r√©gionales Pcs Italien 3√®me ann√©e;LLCE;LLCE
406;Licence Langues, litt√©ratures et civilisations √©trang√®res et r√©gionales Pcs Occitan 1√®re ann√©e;LLCE;LLCE
407;Licence Langues, litt√©ratures et civilisations √©trang√®res et r√©gionales Pcs Occitan 2√®me ann√©e;LLCE;LLCE
408;Licence Langues, litt√©ratures et civilisations √©trang√®res et r√©gionales Pcs Occitan 3√®me ann√©e;LLCE;LLCE
409;Licence Langues, litt√©ratures et civilisations √©trang√®res et r√©gionales Pcs Portugais 2√®me ann√©e;LLCE;LLCE
410;Licence Langues, litt√©ratures et civilisations √©trang√®res et r√©gionales Pcs Portugais 3√®me ann√©e;LLCE;LLCE
411;Master 1 Langues, Litt√©ratures et Civilisations Etrang√®res et R√©gionales (parcours Etudes hispano-am√©ricaines);LLCE;LLCE
412;Master 1 Langues, litt√©ratures et civilisations √©trang√®res et r√©gionales Pcs Etudes chinoises;LLCE;LLCE
413;Master 1 Langues, litt√©ratures et civilisations √©trang√®res et r√©gionales Pcs Etudes n√©o-hell√©niques;LLCE;LLCE
414;Master 1 Langues, litt√©ratures et civilisations √©trang√®res et r√©gionales Pcs Etudes occitanes;LLCE;LLCE
415;Master 2 Langues, Litt√©ratures et Civilisations Etrang√®res et R√©gionales - Grec moderne;LLCE;LLCE
416;Master 2 Langues, litt√©ratures et civilisations √©trang√®res et r√©gionales Pcs Etudes chinoises;LLCE;LLCE
417;Master 2 Langues, litt√©ratures et civilisations √©trang√®res et r√©gionales Pcs Etudes hispanophones;LLCE;LLCE
418;Master 2 Langues, litt√©ratures et civilisations √©trang√®res et r√©gionales Pcs Etudes n√©o-hell√®niques;LLCE;LLCE
419;Master 2 Recherche Langues, Litt√©ratures et Civilisations Etr. et R√©g.- Etudes hispaniques et hispano-am√©ricaines;LLCE;LLCE
420;Master 2 Recherche Langues, Litt√©ratures et Civilisations Etrang√®res et R√©gionales - Etudes anglophones;LLCE;LLCE
421;Master 2 Recherche Langues, Litt√©ratures et Civilisations Etrang√®res et R√©gionales - Etudes chinoises;LLCE;LLCE
422;Enseignement √† distance : Licence Philosophie 1√®re ann√©e;Philosophie;Philosophie
423;Enseignement √† distance : Licence Philosophie 2√®me ann√©e;Philosophie;Philosophie
424;Enseignement √† distance : Licence Philosophie 3√®me ann√©e;Philosophie;Philosophie
425;Licence Philosophie 1√®re ann√©e;Philosophie;Philosophie
426;Licence Philosophie 2√®me ann√©e;Philosophie;Philosophie
427;Licence Philosophie 3√®me ann√©e;Philosophie;Philosophie
428;Master 1 Philosophie;Philosophie;Philosophie
429;Master 2 Philosophie;Philosophie;Philosophie
430;Enseignement √† distance: Master 1 Philosophie, psychanalyse (pcs Etudes psychanalytiques et esth√©tiques - Psychanalyse);Philosophie, Psychanalyse;Philosophie
431;Enseignement √† distance: Master 2 Philosophie, Psychanalyse-Etudes psychanalytiques et esth√©tiques (parcours Esth√©tique);Philosophie, Psychanalyse;Philosophie
432;Enseignement √† distance: Master 2 Philosophie, Psychanalyse-Etudes psychanalytiques et esth√©tiques (pcs Psychanalyse);Philosophie, Psychanalyse;Philosophie
433;Master 1 Philosophie, psychanalyse (parcours Etudes psychanalytiques et esth√©tiques - Psychanalyse);Philosophie, Psychanalyse;Philosophie
434;Master 1 Philosophie, psychanalyse (parcours Philosophie - H√©ritages et transition);Philosophie, Psychanalyse;Philosophie
435;Master 2 Philosophie, Psychanalyse - Etudes psychanalytiques et esth√©tiques (parcours Psychanalyse);Philosophie, Psychanalyse;Philosophie
436;Master 2 Recherche Philosophie, Psychanalyse - Philosophie : h√©ritages et transitions (parcours Recherche);Philosophie, Psychanalyse;Philosophie
437;Pr√©paration √† l'agr√©gation Histoire;Preparation concours;Preparation concours
438;Pr√©paration √† l'agr√©gation Lettres modernes;Preparation concours;Preparation concours
439;Pr√©paration au CAPES d' Anglais;Preparation concours;Preparation concours
440;Pr√©paration au CAPES d' Arts plastiques;Preparation concours;Preparation concours
441;Pr√©paration au CAPES de Documentation;Preparation concours;Preparation concours
442;Pr√©paration au concours de conservateur de biblioth√®ques;Preparation concours;Preparation concours
443;Pr√©paration au concours de conservateur du patrimoine;Preparation concours;Preparation concours
444;Pr√©paration au concours ext. de conservateur de bibliot.;Preparation concours;Preparation concours
445;Pr√©paration Sciences politiques et √©cole de journalisme Niveau 2;Preparation concours;Preparation concours
446;Enseignement √† distance Master 1 Psychanalyse;Psychanalyse;Psychologie
447;Enseignement √† distance Master 2 Psychanalyse;Psychanalyse;Psychologie
448;Master 1 Psychanalyse;Psychanalyse;Psychologie
449;Master 2 Psychanalyse;Psychanalyse;Psychologie
450;B√©ziers : Licence Psychologie 1√®re ann√©e;Psychologie;Psychologie
451;B√©ziers : Licence Psychologie 2√®me ann√©e;Psychologie;Psychologie
452;Doctorat Psychologie Sp. Psycho du travail et des organisat.;Psychologie;Psychologie
453;Doctorat Psychologie Sp√©cialit√© Psychologie cognitive;Psychologie;Psychologie
454;Doctorat Psychologie sp√©cialit√© Psychologie du d√©veloppement;Psychologie;Psychologie
455;Doctorat Psychologie Sp√©cialit√© Psychologie et psychopathologie clinique;Psychologie;Psychologie
456;Doctorat Psychologie sp√©cialit√© Psychologie sociale;Psychologie;Psychologie
457;Licence Psychologie (parcours Psychologie clinique) 3√®me ann√©e;Psychologie;Psychologie
458;Licence Psychologie 1√®re ann√©e;Psychologie;Psychologie
459;Licence Psychologie 2√®me ann√©e;Psychologie;Psychologie
460;Licence Psychologie 3√®me ann√©e;Psychologie;Psychologie
461;Master 1 Psycho clinique, psychopathologie, psycho de la sant√© Pcs Neuropsycho &'||' psychopath., adulte et pers. √¢g√©e;Psychologie;Psychologie
462;Master 1 Psychologie (parcours Capacit√©s humaines et conduites de sant√©);Psychologie;Psychologie
463;Master 1 Psychologie (parcours D√©veloppement, √©ducation, handicap);Psychologie;Psychologie
464;Master 1 Psychologie (parcours Psychologie clinique et psychopathologie du sportif);Psychologie;Psychologie
465;Master 1 Psychologie (parcours Psychologie clinique, psychopathologie et sant√© mentale);Psychologie;Psychologie
466;Master 1 Psychologie (parcours Psychologie du travail et des organisations);Psychologie;Psychologie
467;Master 1 Psychologie (parcours Psychopathologie et neuropsychologie du viellissement);Psychologie;Psychologie
468;Master 1 Psychologie : psychopathologie clinique psychanalytique Pcs Ph√©nom√©nologie clinique du sportif et des prob.;Psychologie;Psychologie
469;Master 1 Psychologie : psychopathologie clinique psychanalytique Pcs Psychologie clinique et psychopathologie;Psychologie;Psychologie
470;Master 1 Psychologie Pcs Dynamiques cognitives et sociocognitives;Psychologie;Psychologie
471;Master 1 Psychologie Pcs Psychologie de d√©veloppement, √©ducation, handicap;Psychologie;Psychologie
472;Master 1 Psychologie Pcs Psychologie de l'√©valuation du fonctionnement cognitif et des comportements;Psychologie;Psychologie
473;Master 2 Professionnel Psychologie clinique et psychopat. du sportif;Psychologie;Psychologie
474;Master 2 Professionnel Psychologie clinique, psychopat.&sant√© mentale;Psychologie;Psychologie
475;Master 2 Professionnel Psychologie du travail et des organisations;Psychologie;Psychologie
476;Master 2 Professionnel Psychopathologie & neuropsyc.du vieillissement;Psychologie;Psychologie
477;Master 2 Psycho clinique, psychopathologie, psycho de la sant√© Pcs Neuropsycho &'||' psychopath., adulte et pers. √¢g√©e;Psychologie;Psychologie
478;Master 2 Psychologie - D√©veloppement, √©ducation, handicap;Psychologie;Psychologie
479;Master 2 Psychologie : psychopathologie clinique psychanalytique Pcs Ph√©nom√©nologie clinique du sportif et des prob.;Psychologie;Psychologie
480;Master 2 Psychologie : psychopathologie clinique psychanalytique Pcs Psychologie clinique et psychopathologie;Psychologie;Psychologie
481;Master 2 Psychologie Pcs Dynamiques cognitives et sociocognitives;Psychologie;Psychologie
482;Master 2 Psychologie Pcs Psychologie de d√©veloppement, √©ducation, handicap;Psychologie;Psychologie
483;Master 2 Psychologie Pcs Psychologie de l'√©valuation du fonctionnement cognitif et des comportements;Psychologie;Psychologie
484;Master 2 Psychologie sociale, du travail et des organisations Pcs Psychologie sociale, du travail et des organisations;Psychologie;Psychologie
485;Master 2 Recherche Psychologie - Capacit√©s humaines et conduites de sant√©;Psychologie;Psychologie
486;MMaster 1 Psychologie sociale, du travail et des organisations Pcs Psychologie sociale, du travail et des organisations;Psychologie;Psychologie
487;Master 1 Gestion des ressources humaines Pcs Ressources humaines;Gestion des ressources humaines;Ressources humaines & D√©veloppement social
488;Master 2 Gestion des ressources humaines Pcs Expertise socio-√©conomique, emplois, comp√©tences;Gestion des ressources humaines;Ressources humaines & D√©veloppement social
489;Master 2 Gestion des ressources humaines Pcs GRH sectiorielle et audit social;Gestion des ressources humaines;Ressources humaines & D√©veloppement social
490;Master 2 Gestion des ressources humaines Pcs Management international et strat√©gique des RH;Gestion des ressources humaines;Ressources humaines & D√©veloppement social
491;Master 2 Gestion des ressources humaines Pcs Sciences des organisations et des institutions;Gestion des ressources humaines;Ressources humaines & D√©veloppement social
492;Master 1 Intervention et d√©veloppement social Pcs D√©veloppement Social;Intervention et d√©veloppement social;Ressources humaines & D√©veloppement social
493;Master 2 Intervention et d√©veloppement social Pcs Economie sociale et solidaire et action publique;Intervention et d√©veloppement social;Ressources humaines & D√©veloppement social
494;Master 2 Intervention et d√©veloppement social Pcs IDS : projets, innovation, d√©mocratie et territoire;Intervention et d√©veloppement social;Ressources humaines & D√©veloppement social
495;Master 2 Intervention et d√©veloppement social Pcs Migration inter-m√©diterran√©ennes;Intervention et d√©veloppement social;Ressources humaines & D√©veloppement social
496;Master 1 Management des Ressources Humaines et du D√©veloppement Social (parcours Management International);Management des Ressources Humaines et du D√©veloppement Social;Ressources humaines & D√©veloppement social
497;Master 1 Management des Ressources Humaines et du D√©veloppement Social (parcours Ressources Humaines );Management des Ressources Humaines et du D√©veloppement Social;Ressources humaines & D√©veloppement social
498;Licence Sciences de l'education 1√®re ann√©e;Sciences de l'education;Sciences de l'education
499;Licence Sciences de l'education 2√®me ann√©e;Sciences de l'education;Sciences de l'education
500;Licence Sciences de l'education 3√®me ann√©e;Sciences de l'education;Sciences de l'education
501;Master 2 Sciences de l'Education - Conseil et formation en √©ducation;Sciences de l'Education;Sciences de l'education
502;Master 2 Sciences de l'√©ducation Pcs Analyse et conception en √©ducation et formation;Sciences de l'Education;Sciences de l'education
503;Enseignement √† distance Licence Sciences de l'√©ducation 3e ann√©e;Sciences de l'√©ducation;Sciences de l'education
504;Enseignement √† distance Master 2 Sciences de l''√©ducation Pcs Analyse et conception en √©ducation et formation;Sciences de l'√©ducation;Sciences de l'education
505;Enseignement √† distance Master 2 Sciences de l''√©ducation Pcs Resp. de l''√©valuation, de la formation, de l''encadrement;Sciences de l'√©ducation;Sciences de l'education
506;Enseignement √† distance: Licence Sciences de l'√©ducation 3√®me ann√©e;Sciences de l'√©ducation;Sciences de l'education
507;Master 1 Sciences de l'√©ducation;Sciences de l'√©ducation;Sciences de l'education
508;Doctorat Sciences du langage;Sciences du langage;Sciences du langage
509;Enseignement √† distance : Licence Sciences du langage Pcs Communications, m√©dias, m√©diations num√©riques 1√®re ann√©e;Sciences du langage;Sciences du langage
510;Enseignement √† distance : Licence Sciences du langage Pcs Communications, m√©dias, m√©diations num√©riques 2√®me ann√©e;Sciences du langage;Sciences du langage
511;Enseignement √† distance : Licence Sciences du langage Pcs Communications, m√©dias, m√©diations num√©riques 3√®me ann√©e;Sciences du langage;Sciences du langage
512;Enseignement √† distance : Licence Sciences du langage Pcs Langue, langage et soci√©t√© 2√®me ann√©e;Sciences du langage;Sciences du langage
513;Enseignement √† distance : Licence Sciences du langage Pcs Langue, langage et soci√©t√© 3√®me ann√©e;Sciences du langage;Sciences du langage
514;Enseignement √† distance Master 1 Sciences du langage Pcs Analyse des discours m√©diatiques, institutionnels et politiques;Sciences du langage;Sciences du langage
515;Enseignement √† distance Master 1 Sciences du langage Pcs Sociolinguistique et politiques linguistiques-√©ducatives;Sciences du langage;Sciences du langage
516;Enseignement √† distance Master 2 Sciences du langage Pcs Analyse des discours m√©diatiques, institutionnels et politiques;Sciences du langage;Sciences du langage
517;Enseignement √† distance Master 2 Sciences du langage Pcs Sociolinguistique et politiques linguistiques-√©ducatives;Sciences du langage;Sciences du langage
518;Enseignement √† distance: LP Management de ressources num√©riques;Sciences du langage;Sciences du langage
519;Enseignement √† distance: Master 1 Sciences du langage (parcours FLE-Pratique profess. en fran√ßais langue non maternelle);Sciences du langage;Sciences du langage
520;Enseignement √† distance: Master 1 Sciences du langage (Pcs ADMSDLC-Discours m√©diatiques, institutionnels et politiques);Sciences du langage;Sciences du langage
521;Enseignement √† distance: Master 1 Sciences du langage (pcs Gestion des connaissances, format. et m√©diations num√©riques);Sciences du langage;Sciences du langage
522;Licence Sciences du langage Pcs Communications, m√©dias, m√©diations num√©riques 1√®re ann√©e;Sciences du langage;Sciences du langage
523;Licence Sciences du langage Pcs Communications, m√©dias, m√©diations num√©riques 2√®me ann√©e;Sciences du langage;Sciences du langage
524;Licence Sciences du langage Pcs Communications, m√©dias, m√©diations num√©riques 3√®me ann√©e;Sciences du langage;Sciences du langage
525;Licence Sciences du langage Pcs Communications, m√©dias, m√©diations num√©riques ESJ M 1re ann√©e;Sciences du langage;Sciences du langage
526;Licence Sciences du langage Pcs Communications, m√©dias, m√©diations num√©riques ESJ M 2√® ann√©e;Sciences du langage;Sciences du langage
527;Licence Sciences du langage Pcs Etude et pratique du fran√ßais 1√®re ann√©e;Sciences du langage;Sciences du langage
528;Licence Sciences du langage Pcs Etude et pratique du fran√ßais 2√®me ann√©e;Sciences du langage;Sciences du langage
529;Licence Sciences du langage Pcs Langue, langage et soci√©t√© 1√®re ann√©e;Sciences du langage;Sciences du langage
530;Licence Sciences du langage Pcs Langue, langage et soci√©t√© 2√®me ann√©e;Sciences du langage;Sciences du langage
531;Licence Sciences du langage Pcs Langue, langage et soci√©t√© 3√®me ann√©e;Sciences du langage;Sciences du langage
532;Master 1 Sciences du langage (parcours FLE - Pratique professionnelles en fran√ßais langue non maternelle);Sciences du langage;Sciences du langage
533;Master 1 Sciences du langage (Pcs ADMSDLC - Sociolinguistique et didactique des langues-cultures en contact);Sciences du langage;Sciences du langage
534;Master 1 Sciences du langage Pcs Analyse des discours m√©diatiques, institutionnels et politiques;Sciences du langage;Sciences du langage
535;Master 1 Sciences du langage Pcs Sociolinguistique et politiques linguistiques-√©ducatives;Sciences du langage;Sciences du langage
536;Master 2 Sciences du langage Pcs Analyse des discours m√©diatiques, institutionnels et politiques;Sciences du langage;Sciences du langage
537;Master 2 Sciences du langage Pcs Sociolinguistique et politiques linguistiques-√©ducatives;Sciences du langage;Sciences du langage
538;DUT Carri√®res sociales Option Gestion urbaine 1√® ann√©e;Carri√®res sociales;SHS
539;DUT Carri√®res sociales Option Service √† la personne 1√® ann√©e;Carri√®res sociales;SHS
540;DUT Carri√®res sociales Option Service √† la personne 2√® ann√©e;Carri√®res sociales;SHS
541;Licence Sciences de l'homme, anthropologie , ethnologie 1√®re ann√©e;Sciences de l'homme, anthropologie , ethnologie;SHS
542;Licence Sciences de l'homme, anthropologie , ethnologie 2√®me ann√©e;Sciences de l'homme, anthropologie , ethnologie;SHS
543;Licence Sciences de l'homme, anthropologie , ethnologie 3√®me ann√©e;Sciences de l'homme, anthropologie , ethnologie;SHS
544;Licence Sciences sanitaires et sociales 1√®re ann√©e;Sciences sanitaires et sociales;SHS
545;Licence Sciences sanitaires et sociales 2√®me ann√©e;Sciences sanitaires et sociales;SHS
546;Licence Sciences sanitaires et sociales 3√®me ann√©e;Sciences sanitaires et sociales;SHS
547;Licence Sciences sociales 2√® ann√©e;Sciences sociales;SHS
548;Licence Sciences sociales 3√® ann√©e;Sciences sociales;SHS
549;Doctorat Sociologie;Sociologie;Sociologie
550;Licence Sociologie 1√®re ann√©e;Sociologie;Sociologie
551;Licence Sociologie 2√®me ann√©e;Sociologie;Sociologie
552;Licence Sociologie 3√®me ann√©e;Sociologie;Sociologie
553;Master 1 Sociologie Pcs Sociologie g√©n√©rale;Sociologie;Sociologie
554;Master 2 Sociologie (parcours Professionnel);Sociologie;Sociologie
555;Master 2 Sociologie Pcs Observation et analyse sociologiques du changement social et des actions collectives;Sociologie;Sociologie
556;Master 2 Sociologie Pcs Sociologie g√©n√©rale;Sociologie;Sociologie
557;Master 2 Economie et management public Pcs Economie comportementale et d√©cision;Economie et management public;Autre
558;Enseignement √† distance Master 2 Esth√©tique;Esth√©tique;Autre
559;Master 1 Esth√©tique;Esth√©tique;Autre
560;Master 2 Esth√©tique;Esth√©tique;Autre
561;Master 1 Ethnologie Pcs Ethnologie et m√©tiers du patrimoine;Ethnologie;Autre
562;Master 2 Ethnologie Pcs Ethnologie et m√©tiers du patrimoine;Ethnologie;Autre
563;Master 1 Etudes europ√©ennes et internationales Pcs Histoire, relations internationales et sciences sociales;Etudes europ√©ennes et internationales;Autre
564;Master 2 Etudes europ√©ennes et internationales Pcs Histoire, relations internationales et sciences sociales;Etudes europ√©ennes et internationales;Autre
565;Master 2 Professionnel - Management international des PME (parcours MITE);Management international des PME;Autre
566;LP M√©tiers de la communication : charg√© de communication Pcs Relations presse et relations m√©dias;M√©tiers de la communication;Autre
567;Master 1 M√©tiers de l'enseignement, de l'√©ducation et de la formation 2nd degr√© Parcours Arts plastiques;M√©tiers de l'enseignement, de l'√©ducation et de la formation;Autre
568;Master 1 M√©tiers de l'enseignement, de l'√©ducation et de la formation 2nd degr√© Parcours Espagnol;M√©tiers de l'enseignement, de l'√©ducation et de la formation;Autre
569;Master 1 M√©tiers de l'enseignement, de l'√©ducation et de la formation 2nd degr√© Parcours Histoire g√©ographie;M√©tiers de l'enseignement, de l'√©ducation et de la formation;Autre
570;EAD LP M√©tiers de l'information : veille et gestion des ress. doc. Pcs Dispositifs de gest. et de diff. de l''info. num.;M√©tiers de l'information;Autre
571;LP M√©tiers de l'information : veille et gestion des ress. doc. Pcs Dispositifs de gest. et de diff. de l''info. num.;M√©tiers de l'information;Autre
572;LP M√©tiers du jeu video;M√©tiers du jeu video;Autre
573;Licence Math√©matiques et informatique appliqu√©es aux sciences humaines et sociales (MIASHS) 1√®re ann√©e;MIASHS;Autre
574;Licence Math√©matiques et informatique appliqu√©es aux sciences humaines et sociales (MIASHS) 2√®me ann√©e;MIASHS;Autre
575;Licence Math√©matiques et informatique appliqu√©es aux sciences humaines et sociales (MIASHS) 3√®me ann√©e;MIASHS;Autre
576;Master 1 Math√©matiques et informatique appliqu√©es aux sciences humaines et sociales;MIASHS;Autre
577;Master 2 Math√©matiques et informatique appliqu√©es aux sciences humaines et sociales;MIASHS;Autre
578;Master 2 Professionnel MRHDS - D√©veloppement social (pcs Interm√©diation et D√©veloppement Social);MRHDS;Autre
579;Master 2 Professionnel MRHDS - Expertise socio-√©co, emplois et comp√©tences;MRHDS;Autre
580;Master 2 Professionnel MRHDS - Gestion strat√©gique des ressources humaines Parcours MICRH;MRHDS;Autre
581;Master 2P MRHDS-Gestion strat√©gique des ressources humaines (Parcours ASRH);MRHDS;Autre
582;Pluridisciplinaire AES;Pluridisciplinaire;Autre
583;Pluridisciplinaire Arts du spectacle;Pluridisciplinaire;Autre
584;Pluridisciplinaire Histoire;Pluridisciplinaire;Autre
585;Pluridisciplinaire Info-com;Pluridisciplinaire;Autre
586;Master 2 MRHDS - Sciences des organisations et des institutions (parcours Professionnel);Sciences des organisations et des institutions;Autre
587;Master 2 MRHDS - Sciences des organisations et des institutions (parcours Recherche);Sciences des organisations et des institutions;Autre
588;B√©ziers Master 1 Tourisme Pcs Tourisme et d√©veloppement durable des territoires;Tourisme;Autre
589;B√©ziers Master 2 Tourisme Pcs Tourisme et d√©veloppement durable des territoires;Tourisme;Autre
590;Master 1 Transport, mobilit√©s, r√©seaux;Transport, mobilit√©s, r√©seaux;Autre
591;Master 2 Transport, mobilit√©s, r√©seaux;Transport, mobilit√©s, r√©seaux;Autre
